{
	"configs" : [
		{
			"remarks" : "",
			"id" : "935DB0713CBA6E4ADFDCA3E9FF577837",
			"server" : "server host",
			"server_port" : 8388,
			"server_udp_port" : 0,
			"password" : "0",
			"method" : "aes-256-cfb",
			"protocol" : "origin",
			"protocolparam" : "",
			"obfs" : "plain",
			"obfsparam" : "",
			"remarks_base64" : "",
			"group" : "FreeSSR-public",
			"enable" : true,
			"udp_over_tcp" : false
		},
		{
			"remarks" : "美国BudgetVM",
			"id" : "DFC59472DB4CDEB86D2E6B07D071123D",
			"server" : "us.vonc.tk",
			"server_port" : 34671,
			"server_udp_port" : 0,
			"password" : "a20011007",
			"method" : "aes-256-cfb",
			"protocol" : "auth_sha1_v4",
			"protocolparam" : "",
			"obfs" : "http_simple",
			"obfsparam" : "",
			"remarks_base64" : "576O5Zu9QnVkZ2V0Vk0",
			"group" : "VONCOP",
			"enable" : true,
			"udp_over_tcp" : false
		},
		{
			"remarks" : "[萌新节点]LCY-菲律宾A",
			"id" : "AB2B079AD7BAAA66376C743DA268F45E",
			"server" : "ddns_flb.xn--9kq677j3ki.app",
			"server_port" : 12635,
			"server_udp_port" : 0,
			"password" : "EqoEmV",
			"method" : "chacha20",
			"protocol" : "auth_sha1_v4",
			"protocolparam" : "",
			"obfs" : "http_simple",
			"obfsparam" : "",
			"remarks_base64" : "W-iQjOaWsOiKgueCuV1MQ1kt6I-y5b6L5a6-QQ",
			"group" : "liangchenyun",
			"enable" : true,
			"udp_over_tcp" : false
		},
		{
			"remarks" : "俄罗斯",
			"id" : "07EEE07371617FBC7A44EAAABA2AA018",
			"server" : "194.67.215.47",
			"server_port" : 2333,
			"server_udp_port" : 0,
			"password" : "dh.357global.top",
			"method" : "rc4-md5",
			"protocol" : "origin",
			"protocolparam" : "",
			"obfs" : "plain",
			"obfsparam" : "",
			"remarks_base64" : "5L-E572X5pav",
			"group" : "SSRSHARE.COM",
			"enable" : true,
			"udp_over_tcp" : false
		},
		{
			"remarks" : "俄罗斯",
			"id" : "FD94A64B092B3C893986116A97197856",
			"server" : "wwww.52zhejiang.top",
			"server_port" : 2333,
			"server_udp_port" : 0,
			"password" : "dh.357global.top",
			"method" : "rc4-md5",
			"protocol" : "origin",
			"protocolparam" : "",
			"obfs" : "plain",
			"obfsparam" : "",
			"remarks_base64" : "5L-E572X5pav",
			"group" : "SSRSHARE.COM",
			"enable" : true,
			"udp_over_tcp" : false
		},
		{
			"remarks" : "美国",
			"id" : "3DBB018A72F63833D2380CE7B485723D",
			"server" : "bla.xn--fizz-p29fz65unxan79g.ga",
			"server_port" : 1025,
			"server_udp_port" : 0,
			"password" : "LEbZsX",
			"method" : "rc4-md5",
			"protocol" : "origin",
			"protocolparam" : "",
			"obfs" : "plain",
			"obfsparam" : "",
			"remarks_base64" : "576O5Zu9",
			"group" : "SSRSHARE.COM",
			"enable" : true,
			"udp_over_tcp" : false
		},
		{
			"remarks" : "希腊",
			"id" : "3C15D8B7BEDE5857EB25B54B62FE1027",
			"server" : "95.179.193.82",
			"server_port" : 5148,
			"server_udp_port" : 0,
			"password" : "ascvberdfg",
			"method" : "aes-256-cfb",
			"protocol" : "origin",
			"protocolparam" : "",
			"obfs" : "plain",
			"obfsparam" : "",
			"remarks_base64" : "5biM6IWK",
			"group" : "SSRSHARE.COM",
			"enable" : true,
			"udp_over_tcp" : false
		},
		{
			"remarks" : "美国",
			"id" : "5DFEAC560F7C97D5449E38156BB50536",
			"server" : "137.175.62.130",
			"server_port" : 65412,
			"server_udp_port" : 0,
			"password" : "Urun2017!@#QWEasd",
			"method" : "aes-256-cfb",
			"protocol" : "origin",
			"protocolparam" : "",
			"obfs" : "plain",
			"obfsparam" : "",
			"remarks_base64" : "576O5Zu9",
			"group" : "SSRSHARE.COM",
			"enable" : true,
			"udp_over_tcp" : false
		},
		{
			"remarks" : "美国",
			"id" : "2B636D9BA1A909A259C80AEFF9DB02BE",
			"server" : "142.93.93.209",
			"server_port" : 80,
			"server_udp_port" : 0,
			"password" : "qwer1234",
			"method" : "rc4-md5",
			"protocol" : "auth_sha1_v4",
			"protocolparam" : "",
			"obfs" : "http_simple",
			"obfsparam" : "",
			"remarks_base64" : "576O5Zu9",
			"group" : "SSRSHARE.COM",
			"enable" : true,
			"udp_over_tcp" : false
		},
		{
			"remarks" : "台湾",
			"id" : "D03B260378047AB4277267C04D699869",
			"server" : "59.125.61.180",
			"server_port" : 8097,
			"server_udp_port" : 0,
			"password" : "eIW0Dnk69454e6nSwuspv9DmS201tQ0D",
			"method" : "aes-256-cfb",
			"protocol" : "origin",
			"protocolparam" : "",
			"obfs" : "plain",
			"obfsparam" : "",
			"remarks_base64" : "5Y-w5rm-",
			"group" : "SSRSHARE.COM",
			"enable" : true,
			"udp_over_tcp" : false
		},
		{
			"remarks" : "瑞士",
			"id" : "92FDE85BC7076AAB84E7E0F3DF9950A9",
			"server" : "159.122.178.73",
			"server_port" : 30831,
			"server_udp_port" : 0,
			"password" : "123freecloud.tk",
			"method" : "none",
			"protocol" : "auth_chain_a",
			"protocolparam" : "",
			"obfs" : "plain",
			"obfsparam" : "",
			"remarks_base64" : "55Ge5aOr",
			"group" : "SSRSHARE.COM",
			"enable" : true,
			"udp_over_tcp" : false
		},
		{
			"remarks" : "希腊",
			"id" : "D3BED15346593431004AB8E3BEABD2C0",
			"server" : "95.179.193.82",
			"server_port" : 5147,
			"server_udp_port" : 0,
			"password" : "ascvbdfg",
			"method" : "aes-256-cfb",
			"protocol" : "origin",
			"protocolparam" : "",
			"obfs" : "plain",
			"obfsparam" : "",
			"remarks_base64" : "5biM6IWK",
			"group" : "SSRSHARE.COM",
			"enable" : true,
			"udp_over_tcp" : false
		},
		{
			"remarks" : "加拿大",
			"id" : "566E70F81D9B919390F244D0FA01E368",
			"server" : "64.137.254.32",
			"server_port" : 80,
			"server_udp_port" : 0,
			"password" : "Qqun21237548",
			"method" : "rc4-md5",
			"protocol" : "auth_sha1_v4",
			"protocolparam" : "",
			"obfs" : "http_simple",
			"obfsparam" : "",
			"remarks_base64" : "5Yqg5ou_5aSn",
			"group" : "SSRSHARE.COM",
			"enable" : true,
			"udp_over_tcp" : false
		},
		{
			"remarks" : "希腊",
			"id" : "0FA7E2EE0CD762BC1ADA566331195373",
			"server" : "95.179.193.82",
			"server_port" : 5146,
			"server_udp_port" : 0,
			"password" : "avbdfg",
			"method" : "aes-256-cfb",
			"protocol" : "origin",
			"protocolparam" : "",
			"obfs" : "plain",
			"obfsparam" : "",
			"remarks_base64" : "5biM6IWK",
			"group" : "SSRSHARE.COM",
			"enable" : true,
			"udp_over_tcp" : false
		},
		{
			"remarks" : "俄罗斯",
			"id" : "085C1CD25C0838B70D987B193C811747",
			"server" : "46.17.42.249",
			"server_port" : 9399,
			"server_udp_port" : 0,
			"password" : "sbwan73quanjiasi104",
			"method" : "aes-256-cfb",
			"protocol" : "origin",
			"protocolparam" : "",
			"obfs" : "plain",
			"obfsparam" : "",
			"remarks_base64" : "5L-E572X5pav",
			"group" : "SSRSHARE.COM",
			"enable" : true,
			"udp_over_tcp" : false
		},
		{
			"remarks" : "日本",
			"id" : "8DDE3CB2163ADC9E07BCA8C489101315",
			"server" : "172.104.108.69",
			"server_port" : 8382,
			"server_udp_port" : 0,
			"password" : "8zwWcYg5o1my",
			"method" : "aes-256-cfb",
			"protocol" : "origin",
			"protocolparam" : "",
			"obfs" : "plain",
			"obfsparam" : "",
			"remarks_base64" : "5pel5pys",
			"group" : "SSRSHARE.COM",
			"enable" : true,
			"udp_over_tcp" : false
		},
		{
			"remarks" : "印度",
			"id" : "9E4DCC806EAAE6FB4BD5347BCDF46E72",
			"server" : "id.zhishi.in",
			"server_port" : 34349,
			"server_udp_port" : 0,
			"password" : "4MCXQj",
			"method" : "chacha20-ietf",
			"protocol" : "auth_aes128_md5",
			"protocolparam" : "",
			"obfs" : "http_simple",
			"obfsparam" : "jd.hk",
			"remarks_base64" : "5Y2w5bqm",
			"group" : "SSRSHARE.COM",
			"enable" : true,
			"udp_over_tcp" : false
		},
		{
			"remarks" : "日本",
			"id" : "B1A4902B8117BB78CE80A4B5549E1C86",
			"server" : "sn18.joyo9920.ml",
			"server_port" : 9753,
			"server_udp_port" : 0,
			"password" : "111",
			"method" : "aes-256-cfb",
			"protocol" : "auth_aes128_md5",
			"protocolparam" : "",
			"obfs" : "http_simple",
			"obfsparam" : "",
			"remarks_base64" : "5pel5pys",
			"group" : "SSRSHARE.COM",
			"enable" : true,
			"udp_over_tcp" : false
		},
		{
			"remarks" : "加拿大",
			"id" : "37550BB5AB22BEAC72D6A6B6073ACE12",
			"server" : "64.137.251.141",
			"server_port" : 6327,
			"server_udp_port" : 0,
			"password" : "doub.io/sszhfx/*6327",
			"method" : "chacha20",
			"protocol" : "origin",
			"protocolparam" : "",
			"obfs" : "plain",
			"obfsparam" : "",
			"remarks_base64" : "5Yqg5ou_5aSn",
			"group" : "SSRSHARE.COM",
			"enable" : true,
			"udp_over_tcp" : false
		},
		{
			"remarks" : "法国",
			"id" : "E813EE3F3BCE74772F17D4C8173E187C",
			"server" : "195.154.118.205",
			"server_port" : 1025,
			"server_udp_port" : 0,
			"password" : "LEbZsX",
			"method" : "rc4-md5",
			"protocol" : "origin",
			"protocolparam" : "",
			"obfs" : "plain",
			"obfsparam" : "",
			"remarks_base64" : "5rOV5Zu9",
			"group" : "SSRSHARE.COM",
			"enable" : true,
			"udp_over_tcp" : false
		},
		{
			"remarks" : "日本",
			"id" : "247F3B18C111ED411F7CA1693764DD52",
			"server" : "172.105.199.167",
			"server_port" : 8382,
			"server_udp_port" : 0,
			"password" : "TxaH8Vm9lGsB",
			"method" : "aes-256-cfb",
			"protocol" : "origin",
			"protocolparam" : "",
			"obfs" : "plain",
			"obfsparam" : "",
			"remarks_base64" : "5pel5pys",
			"group" : "SSRSHARE.COM",
			"enable" : true,
			"udp_over_tcp" : false
		},
		{
			"remarks" : "LCY-0.5x-日本ijj线路-NF",
			"id" : "063F2B7238808A16A53168D5FE0380AD",
			"server" : "ijj1.liangchenyun.xyz",
			"server_port" : 12635,
			"server_udp_port" : 0,
			"password" : "EqoEmV",
			"method" : "chacha20",
			"protocol" : "auth_sha1_v4",
			"protocolparam" : "",
			"obfs" : "http_simple",
			"obfsparam" : "baidu.com",
			"remarks_base64" : "TENZLTAuNXgt5pel5pysaWpq57q_6LevLU5G",
			"group" : "liangchenyun",
			"enable" : true,
			"udp_over_tcp" : false
		},
		{
			"remarks" : "LCY-0.5x-日本ijj线路-NF-B",
			"id" : "28456403E4892044FCB2B77A3B694F02",
			"server" : "89.31.126.109",
			"server_port" : 12635,
			"server_udp_port" : 0,
			"password" : "EqoEmV",
			"method" : "chacha20",
			"protocol" : "auth_sha1_v4",
			"protocolparam" : "",
			"obfs" : "http_simple",
			"obfsparam" : "baidu.com",
			"remarks_base64" : "TENZLTAuNXgt5pel5pysaWpq57q_6LevLU5GLUI",
			"group" : "liangchenyun",
			"enable" : true,
			"udp_over_tcp" : false
		},
		{
			"remarks" : "LCY-新加坡-移动推荐",
			"id" : "3C0485F38175909D67776F111EF02ED5",
			"server" : "xjp.liangchenyun.xyz",
			"server_port" : 12635,
			"server_udp_port" : 0,
			"password" : "EqoEmV",
			"method" : "chacha20",
			"protocol" : "auth_sha1_v4",
			"protocolparam" : "",
			"obfs" : "http_simple",
			"obfsparam" : "baidu.com",
			"remarks_base64" : "TENZLeaWsOWKoOWdoS3np7vliqjmjqjojZA",
			"group" : "liangchenyun",
			"enable" : true,
			"udp_over_tcp" : false
		},
		{
			"remarks" : "LCY-新西伯利亚A-0.5x-支持nf",
			"id" : "AD019760442F865F83B76776A12D05E4",
			"server" : "lb_ru.liangchenyun.xyz",
			"server_port" : 12635,
			"server_udp_port" : 0,
			"password" : "EqoEmV",
			"method" : "chacha20",
			"protocol" : "auth_sha1_v4",
			"protocolparam" : "",
			"obfs" : "http_simple",
			"obfsparam" : "baidu.com",
			"remarks_base64" : "TENZLeaWsOilv-S8r-WIqeS6mkEtMC41eC3mlK_mjIFuZg",
			"group" : "liangchenyun",
			"enable" : true,
			"udp_over_tcp" : false
		},
		{
			"remarks" : "LCY-日本NHN原生IP-NF-C",
			"id" : "40B475157B75EBDA35BB1114D91EA980",
			"server" : "lbnhn2.liangchenyun.xyz",
			"server_port" : 12635,
			"server_udp_port" : 0,
			"password" : "EqoEmV",
			"method" : "chacha20",
			"protocol" : "auth_sha1_v4",
			"protocolparam" : "",
			"obfs" : "http_simple",
			"obfsparam" : "baidu.com",
			"remarks_base64" : "TENZLeaXpeacrE5ITuWOn-eUn0lQLU5GLUM",
			"group" : "liangchenyun",
			"enable" : true,
			"udp_over_tcp" : false
		},
		{
			"remarks" : "LCY-日本NHN原生IP-NF-D",
			"id" : "D21E652B249E964BF39082398FB18725",
			"server" : "lbnhn2.liangchenyun.xyz",
			"server_port" : 12635,
			"server_udp_port" : 0,
			"password" : "EqoEmV",
			"method" : "chacha20",
			"protocol" : "auth_sha1_v4",
			"protocolparam" : "",
			"obfs" : "http_simple",
			"obfsparam" : "baidu.com",
			"remarks_base64" : "TENZLeaXpeacrE5ITuWOn-eUn0lQLU5GLUQ",
			"group" : "liangchenyun",
			"enable" : true,
			"udp_over_tcp" : false
		},
		{
			"remarks" : "LCY-法国原生IP-支持NF-0.5x",
			"id" : "56BDDDC6A27AA6536E93F19C155710BF",
			"server" : "paris.liangchenyun.xyz",
			"server_port" : 12635,
			"server_udp_port" : 0,
			"password" : "EqoEmV",
			"method" : "chacha20",
			"protocol" : "auth_sha1_v4",
			"protocolparam" : "",
			"obfs" : "http_simple",
			"obfsparam" : "baidu.com",
			"remarks_base64" : "TENZLeazleWbveWOn-eUn0lQLeaUr-aMgU5GLTAuNXg",
			"group" : "liangchenyun",
			"enable" : true,
			"udp_over_tcp" : false
		},
		{
			"remarks" : "LCY-洛杉矶A",
			"id" : "69AF1B815B31B7A575F30440AD92702C",
			"server" : "cloudc2.liangchenyun.xyz",
			"server_port" : 12635,
			"server_udp_port" : 0,
			"password" : "EqoEmV",
			"method" : "chacha20",
			"protocol" : "auth_sha1_v4",
			"protocolparam" : "",
			"obfs" : "http_simple",
			"obfsparam" : "baidu.com",
			"remarks_base64" : "TENZLea0m-adieeftkE",
			"group" : "liangchenyun",
			"enable" : true,
			"udp_over_tcp" : false
		},
		{
			"remarks" : "LCY-洛杉矶C-0.5x",
			"id" : "C4C9359D48D2CCB0BE3190637583B7F6",
			"server" : "192.158.227.187",
			"server_port" : 12635,
			"server_udp_port" : 0,
			"password" : "EqoEmV",
			"method" : "chacha20",
			"protocol" : "auth_sha1_v4",
			"protocolparam" : "",
			"obfs" : "http_simple",
			"obfsparam" : "baidu.com",
			"remarks_base64" : "TENZLea0m-adieeftkMtMC41eA",
			"group" : "liangchenyun",
			"enable" : true,
			"udp_over_tcp" : false
		},
		{
			"remarks" : "LCY-美国原生IP-NF&hulu",
			"id" : "EDC7D8E33856F665874E1D1AB83E5BC0",
			"server" : "hulu.liangchenyun.xyz",
			"server_port" : 12635,
			"server_udp_port" : 0,
			"password" : "EqoEmV",
			"method" : "chacha20",
			"protocol" : "auth_sha1_v4",
			"protocolparam" : "",
			"obfs" : "http_simple",
			"obfsparam" : "baidu.com",
			"remarks_base64" : "TENZLee-juWbveWOn-eUn0lQLU5GJmh1bHU",
			"group" : "liangchenyun",
			"enable" : true,
			"udp_over_tcp" : false
		},
		{
			"remarks" : "LCY-美国圣何塞-0.5x",
			"id" : "280E414FDC9565FF8D3EE59B8FE560FF",
			"server" : "ssh.liangchenyun.xyz",
			"server_port" : 12635,
			"server_udp_port" : 0,
			"password" : "EqoEmV",
			"method" : "chacha20",
			"protocol" : "auth_sha1_v4",
			"protocolparam" : "",
			"obfs" : "http_simple",
			"obfsparam" : "baidu.com",
			"remarks_base64" : "TENZLee-juWbveWco-S9leWhni0wLjV4",
			"group" : "liangchenyun",
			"enable" : true,
			"udp_over_tcp" : false
		},
		{
			"remarks" : "LCY-美国芝加哥-0.5x",
			"id" : "BB2CF48967CD9EC6FE6DD0E08BAB1C9A",
			"server" : "185.199.225.93",
			"server_port" : 12635,
			"server_udp_port" : 0,
			"password" : "EqoEmV",
			"method" : "chacha20",
			"protocol" : "auth_sha1_v4",
			"protocolparam" : "",
			"obfs" : "http_simple",
			"obfsparam" : "baidu.com",
			"remarks_base64" : "TENZLee-juWbveiKneWKoOWTpS0wLjV4",
			"group" : "liangchenyun",
			"enable" : true,
			"udp_over_tcp" : false
		},
		{
			"remarks" : "LCY-腾讯云韩国-0.01x",
			"id" : "B1B7B4085C2022974A19173FAA60D44E",
			"server" : "119.28.157.225",
			"server_port" : 12635,
			"server_udp_port" : 0,
			"password" : "EqoEmV",
			"method" : "chacha20",
			"protocol" : "auth_sha1_v4",
			"protocolparam" : "",
			"obfs" : "http_simple",
			"obfsparam" : "baidu.com",
			"remarks_base64" : "TENZLeiFvuiur-S6kemfqeWbvS0wLjAxeA",
			"group" : "liangchenyun",
			"enable" : true,
			"udp_over_tcp" : false
		},
		{
			"remarks" : "LCY-英国原生IP-BBC",
			"id" : "87FF20BF8FC545F1A437026BF33BC7CC",
			"server" : "yingguo.liangchenyun.xyz",
			"server_port" : 12635,
			"server_udp_port" : 0,
			"password" : "EqoEmV",
			"method" : "chacha20",
			"protocol" : "auth_sha1_v4",
			"protocolparam" : "",
			"obfs" : "http_simple",
			"obfsparam" : "baidu.com",
			"remarks_base64" : "TENZLeiLseWbveWOn-eUn0lQLUJCQw",
			"group" : "liangchenyun",
			"enable" : true,
			"udp_over_tcp" : false
		},
		{
			"remarks" : "LCY-菲律宾-B",
			"id" : "3A091F40047BDD1A9AF9A0FEBD53CFDD",
			"server" : "116.93.119.107",
			"server_port" : 12635,
			"server_udp_port" : 0,
			"password" : "EqoEmV",
			"method" : "chacha20",
			"protocol" : "auth_sha1_v4",
			"protocolparam" : "",
			"obfs" : "http_simple",
			"obfsparam" : "baidu.com",
			"remarks_base64" : "TENZLeiPsuW-i-Wuvi1C",
			"group" : "liangchenyun",
			"enable" : true,
			"udp_over_tcp" : false
		},
		{
			"remarks" : "LCY-菲律宾A",
			"id" : "83DA9650283E6A791BA8CB1AC642D7DC",
			"server" : "ddns_flb.liangchenyun.xyz",
			"server_port" : 12635,
			"server_udp_port" : 0,
			"password" : "EqoEmV",
			"method" : "chacha20",
			"protocol" : "auth_sha1_v4",
			"protocolparam" : "",
			"obfs" : "http_simple",
			"obfsparam" : "baidu.com",
			"remarks_base64" : "TENZLeiPsuW-i-WuvkE",
			"group" : "liangchenyun",
			"enable" : true,
			"udp_over_tcp" : false
		},
		{
			"remarks" : "LCY-越南-0.3x",
			"id" : "130AAA4AD4D7E886F1A949B1B8C8475E",
			"server" : "103.9.78.90",
			"server_port" : 12635,
			"server_udp_port" : 0,
			"password" : "EqoEmV",
			"method" : "chacha20",
			"protocol" : "auth_sha1_v4",
			"protocolparam" : "",
			"obfs" : "http_simple",
			"obfsparam" : "baidu.com",
			"remarks_base64" : "TENZLei2iuWNly0wLjN4",
			"group" : "liangchenyun",
			"enable" : true,
			"udp_over_tcp" : false
		},
		{
			"remarks" : "LCY-阿里云-澳大利亚",
			"id" : "2FA8D4FFFF04C854BA3EE1468C3BB252",
			"server" : "47.91.47.39",
			"server_port" : 12635,
			"server_udp_port" : 0,
			"password" : "EqoEmV",
			"method" : "chacha20",
			"protocol" : "auth_sha1_v4",
			"protocolparam" : "",
			"obfs" : "http_simple",
			"obfsparam" : "baidu.com",
			"remarks_base64" : "TENZLemYv-mHjOS6kS3mvrPlpKfliKnkupo",
			"group" : "liangchenyun",
			"enable" : true,
			"udp_over_tcp" : false
		},
		{
			"remarks" : "LCY-香港HKT1000M-NF-0.5x",
			"id" : "1390B1B1E41A8C18EF9A5698F6C31151",
			"server" : "hkt.liangchenyun.xyz",
			"server_port" : 12635,
			"server_udp_port" : 0,
			"password" : "EqoEmV",
			"method" : "chacha20",
			"protocol" : "auth_sha1_v4",
			"protocolparam" : "",
			"obfs" : "http_simple",
			"obfsparam" : "baidu.com",
			"remarks_base64" : "TENZLemmmea4r0hLVDEwMDBNLU5GLTAuNXg",
			"group" : "liangchenyun",
			"enable" : true,
			"udp_over_tcp" : false
		},
		{
			"remarks" : "国内中转(需在网站设置)&回国-徐州电信",
			"id" : "06947FCB118433B9536B2E9980F7B21B",
			"server" : "cn.liangchenyun.xyz",
			"server_port" : 12635,
			"server_udp_port" : 0,
			"password" : "EqoEmV",
			"method" : "chacha20",
			"protocol" : "auth_sha1_v4",
			"protocolparam" : "",
			"obfs" : "http_simple",
			"obfsparam" : "baidu.com",
			"remarks_base64" : "5Zu95YaF5Lit6L2sKOmcgOWcqOe9keermeiuvue9rikm5Zue5Zu9LeW-kOW3nueUteS_oQ",
			"group" : "liangchenyun",
			"enable" : true,
			"udp_over_tcp" : false
		},
		{
			"remarks" : "RUS[俄罗斯]① - ⚽",
			"id" : "276B2F43C2A7E0105D2AAE1E7C4616E5",
			"server" : "109.248.250.37",
			"server_port" : 12608,
			"server_udp_port" : 0,
			"password" : "klaY4o",
			"method" : "chacha20",
			"protocol" : "auth_aes128_sha1",
			"protocolparam" : "2",
			"obfs" : "tls1.2_ticket_auth",
			"obfsparam" : "",
			"remarks_base64" : "UlVTW-S_hOe9l-aWr13ikaAgLSDimr0",
			"group" : "haoss科学上网",
			"enable" : true,
			"udp_over_tcp" : false
		},
		{
			"remarks" : "RUS[俄罗斯]② - ⚽",
			"id" : "E82341A3C10642F465DBB4005B22A0D5",
			"server" : "46.17.41.227",
			"server_port" : 12608,
			"server_udp_port" : 0,
			"password" : "klaY4o",
			"method" : "chacha20",
			"protocol" : "auth_aes128_sha1",
			"protocolparam" : "2",
			"obfs" : "tls1.2_ticket_auth",
			"obfsparam" : "",
			"remarks_base64" : "UlVTW-S_hOe9l-aWr13ikaEgLSDimr0",
			"group" : "haoss科学上网",
			"enable" : true,
			"udp_over_tcp" : false
		},
		{
			"remarks" : "US[美国]③",
			"id" : "C639F00B319A90492105A7C05C8EA23B",
			"server" : "104.248.184.250",
			"server_port" : 12608,
			"server_udp_port" : 0,
			"password" : "klaY4o",
			"method" : "chacha20",
			"protocol" : "auth_aes128_sha1",
			"protocolparam" : "2",
			"obfs" : "tls1.2_ticket_auth",
			"obfsparam" : "",
			"remarks_base64" : "VVNb576O5Zu9XeKRog",
			"group" : "haoss科学上网",
			"enable" : true,
			"udp_over_tcp" : false
		},
		{
			"remarks" : "US[美国]④",
			"id" : "BB9E807F2B8B6FB37427F235836F0FEF",
			"server" : "104.248.181.193",
			"server_port" : 12608,
			"server_udp_port" : 0,
			"password" : "klaY4o",
			"method" : "chacha20",
			"protocol" : "auth_aes128_sha1",
			"protocolparam" : "2",
			"obfs" : "tls1.2_ticket_auth",
			"obfsparam" : "",
			"remarks_base64" : "VVNb576O5Zu9XeKRow",
			"group" : "haoss科学上网",
			"enable" : true,
			"udp_over_tcp" : false
		},
		{
			"remarks" : "US[美国]①",
			"id" : "AE9A2ED8066C9332F3DA5CFEE0EFD22F",
			"server" : "68.183.20.220",
			"server_port" : 12608,
			"server_udp_port" : 0,
			"password" : "klaY4o",
			"method" : "chacha20",
			"protocol" : "auth_aes128_sha1",
			"protocolparam" : "2",
			"obfs" : "tls1.2_ticket_auth",
			"obfsparam" : "",
			"remarks_base64" : "VVNb576O5Zu9XeKRoA",
			"group" : "haoss科学上网",
			"enable" : true,
			"udp_over_tcp" : false
		},
		{
			"remarks" : "US[美国]②",
			"id" : "D52415377BDFAC564F686D4B2B7A5291",
			"server" : "142.93.90.197",
			"server_port" : 12608,
			"server_udp_port" : 0,
			"password" : "klaY4o",
			"method" : "chacha20",
			"protocol" : "auth_aes128_sha1",
			"protocolparam" : "2",
			"obfs" : "tls1.2_ticket_auth",
			"obfsparam" : "",
			"remarks_base64" : "VVNb576O5Zu9XeKRoQ",
			"group" : "haoss科学上网",
			"enable" : true,
			"udp_over_tcp" : false
		},
		{
			"remarks" : "SG[新加坡]① - 国庆节点",
			"id" : "DC22B1A245D72F21CB4C33FC2E505E11",
			"server" : "54.255.157.156",
			"server_port" : 12608,
			"server_udp_port" : 0,
			"password" : "klaY4o",
			"method" : "chacha20",
			"protocol" : "auth_aes128_sha1",
			"protocolparam" : "2",
			"obfs" : "tls1.2_ticket_auth",
			"obfsparam" : "",
			"remarks_base64" : "U0db5paw5Yqg5Z2hXeKRoCAtIOWbveW6huiKgueCuQ",
			"group" : "haoss科学上网",
			"enable" : true,
			"udp_over_tcp" : false
		},
		{
			"remarks" : "【免费限速】圣彼得堡",
			"id" : "83D4B2D24757C69034BEAD284475A5D0",
			"server" : "147.78.64.60",
			"server_port" : 37353,
			"server_udp_port" : 0,
			"password" : "gUc1JHzQF8",
			"method" : "chacha20-ietf",
			"protocol" : "auth_aes128_md5",
			"protocolparam" : "",
			"obfs" : "http_post",
			"obfsparam" : "ftp.ru.debian.org",
			"remarks_base64" : "44CQ5YWN6LS56ZmQ6YCf44CR5Zyj5b285b6X5aCh",
			"group" : "酸奶",
			"enable" : true,
			"udp_over_tcp" : false
		},
		{
			"remarks" : "【免费限速】网走",
			"id" : "E963668B48D0EF9E1BBD8F5B610484FB",
			"server" : "119.82.26.207",
			"server_port" : 37353,
			"server_udp_port" : 0,
			"password" : "gUc1JHzQF8",
			"method" : "salsa20",
			"protocol" : "auth_aes128_md5",
			"protocolparam" : "",
			"obfs" : "http_post",
			"obfsparam" : "ftp.jp.debian.org",
			"remarks_base64" : "44CQ5YWN6LS56ZmQ6YCf44CR572R6LWw",
			"group" : "酸奶",
			"enable" : true,
			"udp_over_tcp" : false
		},
		{
			"remarks" : "【免费节点限速】莫斯科",
			"id" : "AB9A068CE987AE3259813BFBF7345248",
			"server" : "185.204.2.247",
			"server_port" : 37353,
			"server_udp_port" : 0,
			"password" : "gUc1JHzQF8",
			"method" : "salsa20",
			"protocol" : "auth_aes128_md5",
			"protocolparam" : "",
			"obfs" : "http_post",
			"obfsparam" : "ftp.ru.debian.org",
			"remarks_base64" : "44CQ5YWN6LS56IqC54K56ZmQ6YCf44CR6I6r5pav56eR",
			"group" : "酸奶",
			"enable" : true,
			"udp_over_tcp" : false
		},
		{
			"remarks" : "【免费节点限速】芬兰B",
			"id" : "043766B15108113C23FF5A4284788869",
			"server" : "185.117.119.69",
			"server_port" : 37353,
			"server_udp_port" : 0,
			"password" : "gUc1JHzQF8",
			"method" : "chacha20",
			"protocol" : "auth_aes128_md5",
			"protocolparam" : "",
			"obfs" : "http_post",
			"obfsparam" : "iso.linuxquestions.org",
			"remarks_base64" : "44CQ5YWN6LS56IqC54K56ZmQ6YCf44CR6Iqs5YWwQg",
			"group" : "酸奶",
			"enable" : true,
			"udp_over_tcp" : false
		},
		{
			"remarks" : "■等级已过期■ 流量:9.02GB",
			"id" : "8B720107EEE07D3EE728CC830FAF2CB9",
			"server" : "zhs.fun",
			"server_port" : 666,
			"server_udp_port" : 0,
			"password" : "ZHS",
			"method" : "chacha20",
			"protocol" : "origin",
			"protocolparam" : "",
			"obfs" : "plain",
			"obfsparam" : "9.02GB",
			"remarks_base64" : "4pag562J57qn5bey6L-H5pyf4pagIOa1gemHjzo5LjAyR0I",
			"group" : "召喚師[543]",
			"enable" : true,
			"udp_over_tcp" : false
		},
		{
			"remarks" : "⓪US-海灵 [NF] [1] [zhs.fun]",
			"id" : "F6AE78C9DAA0C6875147339F0609C364",
			"server" : "ushln6.zhs.one",
			"server_port" : 543,
			"server_udp_port" : 0,
			"password" : "zhs.fun",
			"method" : "chacha20-ietf",
			"protocol" : "auth_aes128_sha1",
			"protocolparam" : "16756:q94uNj",
			"obfs" : "plain",
			"obfsparam" : "aws.amazon.com/?nc1=27a1b16756",
			"remarks_base64" : "4pOqVVMt5rW354G1IFtORl0gWzFdIFt6aHMuZnVuXQ",
			"group" : "召喚師[543]",
			"enable" : true,
			"udp_over_tcp" : false
		},
		{
			"remarks" : "过期时间：2019-04-02 13:21:55",
			"id" : "B5A8EAAB9E1D914C17697BB408C88E6F",
			"server" : "www.google.com",
			"server_port" : 1,
			"server_udp_port" : 0,
			"password" : "breakwall",
			"method" : "chacha20",
			"protocol" : "auth_chain_a",
			"protocolparam" : "",
			"obfs" : "tls1.2_ticket_auth",
			"obfsparam" : "",
			"remarks_base64" : "6L-H5pyf5pe26Ze077yaMjAxOS0wNC0wMiAxMzoyMTo1NQ",
			"group" : "依米",
			"enable" : true,
			"udp_over_tcp" : false
		},
		{
			"remarks" : "网址:eimi.cloud",
			"id" : "051F8A755C5B16AE383CA5B81F753A39",
			"server" : "www.google.com",
			"server_port" : 1,
			"server_udp_port" : 0,
			"password" : "breakwall",
			"method" : "chacha20",
			"protocol" : "auth_chain_a",
			"protocolparam" : "",
			"obfs" : "tls1.2_ticket_auth",
			"obfsparam" : "",
			"remarks_base64" : "572R5Z2AOmVpbWkuY2xvdWQ",
			"group" : "依米",
			"enable" : true,
			"udp_over_tcp" : false
		},
		{
			"remarks" : "俄罗斯 免费1 - @ - 546 单端口",
			"id" : "FAFCC4EB31A7C135AA22506769B3B255",
			"server" : "ru-23g6.eimii.xyz",
			"server_port" : 546,
			"server_udp_port" : 0,
			"password" : "q605I3",
			"method" : "aes-256-cfb",
			"protocol" : "auth_aes128_sha1",
			"protocolparam" : "63427:marIZf",
			"obfs" : "http_simple",
			"obfsparam" : "7f89263427.microsoft.com",
			"remarks_base64" : "5L-E572X5pavIOWFjei0uTEgLSBAIC0gNTQ2IOWNleerr-WPow",
			"group" : "依米",
			"enable" : true,
			"udp_over_tcp" : false
		},
		{
			"remarks" : "台湾 S - 防干扰/A推荐 - 546 单端口",
			"id" : "ABAAEFE9DCC5C53D73905EEDCD0AF619",
			"server" : "tw-4t3g.eimii.xyz",
			"server_port" : 546,
			"server_udp_port" : 0,
			"password" : "q605I3",
			"method" : "aes-256-cfb",
			"protocol" : "auth_aes128_sha1",
			"protocolparam" : "63427:marIZf",
			"obfs" : "http_simple",
			"obfsparam" : "7f89263427.microsoft.com",
			"remarks_base64" : "5Y-w5rm-IFMgLSDpmLLlubLmibAvQeaOqOiNkCAtIDU0NiDljZXnq6_lj6M",
			"group" : "依米",
			"enable" : true,
			"udp_over_tcp" : false
		},
		{
			"remarks" : "新加坡 1 - 防干扰/A推荐 - 546 单端口",
			"id" : "D98D50C377454673ABE9DA2AA1A4537B",
			"server" : "hk-6c3z.eimii.xyz",
			"server_port" : 546,
			"server_udp_port" : 0,
			"password" : "q605I3",
			"method" : "aes-256-cfb",
			"protocol" : "auth_aes128_sha1",
			"protocolparam" : "63427:marIZf",
			"obfs" : "http_simple",
			"obfsparam" : "7f89263427.microsoft.com",
			"remarks_base64" : "5paw5Yqg5Z2hIDEgLSDpmLLlubLmibAvQeaOqOiNkCAtIDU0NiDljZXnq6_lj6M",
			"group" : "依米",
			"enable" : true,
			"udp_over_tcp" : false
		},
		{
			"remarks" : "新加坡 2 - 禁下载 - 546 单端口",
			"id" : "2F2C9FB3FB71B1D90EB1B7678AA2EAC2",
			"server" : "sg-c3hp.eimii.xyz",
			"server_port" : 546,
			"server_udp_port" : 0,
			"password" : "q605I3",
			"method" : "aes-256-cfb",
			"protocol" : "auth_aes128_sha1",
			"protocolparam" : "63427:marIZf",
			"obfs" : "http_simple",
			"obfsparam" : "7f89263427.microsoft.com",
			"remarks_base64" : "5paw5Yqg5Z2hIDIgLSDnpoHkuIvovb0gLSA1NDYg5Y2V56uv5Y-j",
			"group" : "依米",
			"enable" : true,
			"udp_over_tcp" : false
		},
		{
			"remarks" : "日本 1 - 推荐 - 546 单端口",
			"id" : "FBF118D9EF61D530BA19161440319C96",
			"server" : "jp-v8we.eimii.xyz",
			"server_port" : 546,
			"server_udp_port" : 0,
			"password" : "q605I3",
			"method" : "aes-256-cfb",
			"protocol" : "auth_aes128_sha1",
			"protocolparam" : "63427:marIZf",
			"obfs" : "http_simple",
			"obfsparam" : "7f89263427.microsoft.com",
			"remarks_base64" : "5pel5pysIDEgLSDmjqjojZAgLSA1NDYg5Y2V56uv5Y-j",
			"group" : "依米",
			"enable" : true,
			"udp_over_tcp" : false
		},
		{
			"remarks" : "日本 2 - 推荐 - 546 单端口",
			"id" : "1946B2B1FFBDDDB8D81CACF24BCB5D8A",
			"server" : "jp-46n5.eimii.xyz",
			"server_port" : 546,
			"server_udp_port" : 0,
			"password" : "q605I3",
			"method" : "aes-256-cfb",
			"protocol" : "auth_aes128_sha1",
			"protocolparam" : "63427:marIZf",
			"obfs" : "http_simple",
			"obfsparam" : "7f89263427.microsoft.com",
			"remarks_base64" : "5pel5pysIDIgLSDmjqjojZAgLSA1NDYg5Y2V56uv5Y-j",
			"group" : "依米",
			"enable" : true,
			"udp_over_tcp" : false
		},
		{
			"remarks" : "日本 3 - @ - 546 单端口",
			"id" : "CFCBE9B37D226EA2A0F7E419F4206C42",
			"server" : "jp-c25p.eimii.xyz",
			"server_port" : 546,
			"server_udp_port" : 0,
			"password" : "q605I3",
			"method" : "aes-256-cfb",
			"protocol" : "auth_aes128_sha1",
			"protocolparam" : "63427:marIZf",
			"obfs" : "http_simple",
			"obfsparam" : "7f89263427.microsoft.com",
			"remarks_base64" : "5pel5pysIDMgLSBAIC0gNTQ2IOWNleerr-WPow",
			"group" : "依米",
			"enable" : true,
			"udp_over_tcp" : false
		},
		{
			"remarks" : "美国 1 -  - 546 单端口",
			"id" : "CED200A750CED0EF3CDA89643B1CE747",
			"server" : "us-v9cc.eimii.xyz",
			"server_port" : 546,
			"server_udp_port" : 0,
			"password" : "q605I3",
			"method" : "aes-256-cfb",
			"protocol" : "auth_aes128_sha1",
			"protocolparam" : "63427:marIZf",
			"obfs" : "http_simple",
			"obfsparam" : "7f89263427.microsoft.com",
			"remarks_base64" : "576O5Zu9IDEgLSAgLSA1NDYg5Y2V56uv5Y-j",
			"group" : "依米",
			"enable" : true,
			"udp_over_tcp" : false
		},
		{
			"remarks" : "美国 2 -  - 546 单端口",
			"id" : "A6D193054C5B86DEBB34F5AE230E38B4",
			"server" : "us-ve43.eimii.xyz",
			"server_port" : 546,
			"server_udp_port" : 0,
			"password" : "q605I3",
			"method" : "aes-256-cfb",
			"protocol" : "auth_aes128_sha1",
			"protocolparam" : "63427:marIZf",
			"obfs" : "http_simple",
			"obfsparam" : "7f89263427.microsoft.com",
			"remarks_base64" : "576O5Zu9IDIgLSAgLSA1NDYg5Y2V56uv5Y-j",
			"group" : "依米",
			"enable" : true,
			"udp_over_tcp" : false
		},
		{
			"remarks" : "美国 3 - 推荐 - 546 单端口",
			"id" : "15E7DDA179C266C28321CF1444E70BAA",
			"server" : "us-h4gp.eimii.xyz",
			"server_port" : 546,
			"server_udp_port" : 0,
			"password" : "q605I3",
			"method" : "aes-256-cfb",
			"protocol" : "auth_aes128_sha1",
			"protocolparam" : "63427:marIZf",
			"obfs" : "http_simple",
			"obfsparam" : "7f89263427.microsoft.com",
			"remarks_base64" : "576O5Zu9IDMgLSDmjqjojZAgLSA1NDYg5Y2V56uv5Y-j",
			"group" : "依米",
			"enable" : true,
			"udp_over_tcp" : false
		},
		{
			"remarks" : "美国 4 - 推荐 - 546 单端口",
			"id" : "323B7345D60F69A4E76A05BC47B8DE39",
			"server" : "us-24ge.eimii.xyz",
			"server_port" : 546,
			"server_udp_port" : 0,
			"password" : "q605I3",
			"method" : "aes-256-cfb",
			"protocol" : "auth_aes128_sha1",
			"protocolparam" : "63427:marIZf",
			"obfs" : "http_simple",
			"obfsparam" : "7f89263427.microsoft.com",
			"remarks_base64" : "576O5Zu9IDQgLSDmjqjojZAgLSA1NDYg5Y2V56uv5Y-j",
			"group" : "依米",
			"enable" : true,
			"udp_over_tcp" : false
		},
		{
			"remarks" : "美国 S - 防干扰/A推荐 - 546 单端口",
			"id" : "0FA807C1C035D4E1780574AF14DE176D",
			"server" : "us-c3tp.eimii.xyz",
			"server_port" : 546,
			"server_udp_port" : 0,
			"password" : "q605I3",
			"method" : "aes-256-cfb",
			"protocol" : "auth_aes128_sha1",
			"protocolparam" : "63427:marIZf",
			"obfs" : "http_simple",
			"obfsparam" : "7f89263427.microsoft.com",
			"remarks_base64" : "576O5Zu9IFMgLSDpmLLlubLmibAvQeaOqOiNkCAtIDU0NiDljZXnq6_lj6M",
			"group" : "依米",
			"enable" : true,
			"udp_over_tcp" : false
		},
		{
			"remarks" : "美国 S3 - A推荐 - 546 单端口",
			"id" : "627B83D6624C29AA8193492ABFF2BDF5",
			"server" : "us-ce2h.eimii.xyz",
			"server_port" : 546,
			"server_udp_port" : 0,
			"password" : "q605I3",
			"method" : "aes-256-cfb",
			"protocol" : "auth_aes128_sha1",
			"protocolparam" : "63427:marIZf",
			"obfs" : "http_simple",
			"obfsparam" : "7f89263427.microsoft.com",
			"remarks_base64" : "576O5Zu9IFMzIC0gQeaOqOiNkCAtIDU0NiDljZXnq6_lj6M",
			"group" : "依米",
			"enable" : true,
			"udp_over_tcp" : false
		},
		{
			"remarks" : "美国 T -  - 546 单端口",
			"id" : "8337C10A1A702F9E814D56060E36AD45",
			"server" : "us-vd37.eimii.xyz",
			"server_port" : 546,
			"server_udp_port" : 0,
			"password" : "q605I3",
			"method" : "aes-256-cfb",
			"protocol" : "auth_aes128_sha1",
			"protocolparam" : "63427:marIZf",
			"obfs" : "http_simple",
			"obfsparam" : "7f89263427.microsoft.com",
			"remarks_base64" : "576O5Zu9IFQgLSAgLSA1NDYg5Y2V56uv5Y-j",
			"group" : "依米",
			"enable" : true,
			"udp_over_tcp" : false
		},
		{
			"remarks" : "英国 2 - 推荐 - 546 单端口",
			"id" : "AA242E64DF3E8CD4216EEB1EA947D2EA",
			"server" : "en-3hd5.eimii.xyz",
			"server_port" : 546,
			"server_udp_port" : 0,
			"password" : "q605I3",
			"method" : "aes-256-cfb",
			"protocol" : "auth_aes128_sha1",
			"protocolparam" : "63427:marIZf",
			"obfs" : "http_simple",
			"obfsparam" : "7f89263427.microsoft.com",
			"remarks_base64" : "6Iux5Zu9IDIgLSDmjqjojZAgLSA1NDYg5Y2V56uv5Y-j",
			"group" : "依米",
			"enable" : true,
			"udp_over_tcp" : false
		},
		{
			"remarks" : "英国 3 - 推荐 - 546 单端口",
			"id" : "D88B78C390A427825BB0C2CC4D89310B",
			"server" : "us-7c2t.eimii.xyz",
			"server_port" : 546,
			"server_udp_port" : 0,
			"password" : "q605I3",
			"method" : "aes-256-cfb",
			"protocol" : "auth_aes128_sha1",
			"protocolparam" : "63427:marIZf",
			"obfs" : "http_simple",
			"obfsparam" : "7f89263427.microsoft.com",
			"remarks_base64" : "6Iux5Zu9IDMgLSDmjqjojZAgLSA1NDYg5Y2V56uv5Y-j",
			"group" : "依米",
			"enable" : true,
			"udp_over_tcp" : false
		},
		{
			"remarks" : "香港 1防干扰 - 防干扰 - 546 单端口",
			"id" : "3085307341709CE6D30954CC860CF144",
			"server" : "hk-beth.eimii.xyz",
			"server_port" : 546,
			"server_udp_port" : 0,
			"password" : "q605I3",
			"method" : "aes-256-cfb",
			"protocol" : "auth_aes128_sha1",
			"protocolparam" : "63427:marIZf",
			"obfs" : "http_simple",
			"obfsparam" : "7f89263427.microsoft.com",
			"remarks_base64" : "6aaZ5rivIDHpmLLlubLmibAgLSDpmLLlubLmibAgLSA1NDYg5Y2V56uv5Y-j",
			"group" : "依米",
			"enable" : true,
			"udp_over_tcp" : false
		},
		{
			"remarks" : "香港 2 - 禁下载 - 546 单端口",
			"id" : "7CECC7E815AF3388B2F67EE5B7E70E8A",
			"server" : "hk-v2gd.eimii.xyz",
			"server_port" : 546,
			"server_udp_port" : 0,
			"password" : "q605I3",
			"method" : "aes-256-cfb",
			"protocol" : "auth_aes128_sha1",
			"protocolparam" : "63427:marIZf",
			"obfs" : "http_simple",
			"obfsparam" : "7f89263427.microsoft.com",
			"remarks_base64" : "6aaZ5rivIDIgLSDnpoHkuIvovb0gLSA1NDYg5Y2V56uv5Y-j",
			"group" : "依米",
			"enable" : true,
			"udp_over_tcp" : false
		},
		{
			"remarks" : "香港 S - 防干扰 - 546 单端口",
			"id" : "C4C51D23979C7FEC8C9EDA85FA982AA7",
			"server" : "hk-f52g.eimii.xyz",
			"server_port" : 546,
			"server_udp_port" : 0,
			"password" : "q605I3",
			"method" : "aes-256-cfb",
			"protocol" : "auth_aes128_sha1",
			"protocolparam" : "63427:marIZf",
			"obfs" : "http_simple",
			"obfsparam" : "7f89263427.microsoft.com",
			"remarks_base64" : "6aaZ5rivIFMgLSDpmLLlubLmibAgLSA1NDYg5Y2V56uv5Y-j",
			"group" : "依米",
			"enable" : true,
			"udp_over_tcp" : false
		},
		{
			"remarks" : "香港 T - A推荐 - 546 单端口",
			"id" : "4EBBCC927BDD3AC8598D9D913C4C0998",
			"server" : "hk-vg3b.eimii.xyz",
			"server_port" : 546,
			"server_udp_port" : 0,
			"password" : "q605I3",
			"method" : "aes-256-cfb",
			"protocol" : "auth_aes128_sha1",
			"protocolparam" : "63427:marIZf",
			"obfs" : "http_simple",
			"obfsparam" : "7f89263427.microsoft.com",
			"remarks_base64" : "6aaZ5rivIFQgLSBB5o6o6I2QIC0gNTQ2IOWNleerr-WPow",
			"group" : "依米",
			"enable" : true,
			"udp_over_tcp" : false
		}
	],
	"index" : 68,
	"random" : true,
	"sysProxyMode" : 2,
	"shareOverLan" : false,
	"localPort" : 1081,
	"localAuthPassword" : "CXuXSh-qOSNomSSNGglC",
	"dnsServer" : "",
	"reconnectTimes" : 2,
	"randomAlgorithm" : 3,
	"randomInGroup" : false,
	"TTL" : 0,
	"connectTimeout" : 5,
	"proxyRuleMode" : 2,
	"proxyEnable" : false,
	"pacDirectGoProxy" : false,
	"proxyType" : 0,
	"proxyHost" : "",
	"proxyPort" : 0,
	"proxyAuthUser" : "",
	"proxyAuthPass" : "",
	"proxyUserAgent" : "",
	"authUser" : "",
	"authPass" : "",
	"autoBan" : false,
	"sameHostForSameTarget" : true,
	"keepVisitTime" : 180,
	"isHideTips" : false,
	"nodeFeedAutoUpdate" : true,
	"serverSubscribes" : [
		{
			"URL" : "http://www.haossc.cf/link/BaL9G0N48Nl7DGZw?mu=0",
			"Group" : "haoss科学上网"
		},
		{
			"URL" : "https://liangchenyun.xyz/link/EqfqY92ji1pQd7AY?mu=1",
			"Group" : ""
		},
		{
			"URL" : "https://www.suannai.ml/user/server_detail/WyJvamhkdCIsInBia2RmMl9zaGEyNTYkMzAwMDAkYjYzb0tyOGMzazY2JGdQbHJydGtod2VQRzdaR0FlcWJLWm9LSVN2TFRlekFUUWdCdU1jSS9mRk09Il0:1hA6Hu:vzMrSsqQX1jcL1HrR9I61JNdTnY",
			"Group" : "酸奶"
		},
		{
			"URL" : "https://zhs.one/link/5wwRmgljIrLQD0cb?mu=1",
			"Group" : "召喚師[543]"
		},
		{
			"URL" : "https://eimitech.com/link/DSnQkQG6D7Ex0waP?mu=1",
			"Group" : "依米"
		}
	],
	"token" : {

	},
	"portMap" : {

	}
}