{
	"us.vonc.tk" : {
		"totalUploadBytes" : 37118359,
		"totalDownloadBytes" : 991461186
	},
	"104.160.181.100" : {
		"totalUploadBytes" : 3560724,
		"totalDownloadBytes" : 175801723
	},
	"107.181.155.44" : {
		"totalUploadBytes" : 14137884,
		"totalDownloadBytes" : 804296812
	},
	"202.81.242.175" : {
		"totalUploadBytes" : 19892471,
		"totalDownloadBytes" : 898529372
	},
	"204.44.88.170" : {
		"totalUploadBytes" : 4083903,
		"totalDownloadBytes" : 249096679
	},
	"64.32.5.173" : {
		"totalUploadBytes" : 6336965,
		"totalDownloadBytes" : 218021977
	},
	"86.110.117.139" : {
		"totalUploadBytes" : 2826631,
		"totalDownloadBytes" : 73567031
	},
	"185.133.43.147" : {
		"totalUploadBytes" : 882,
		"totalDownloadBytes" : 11616
	},
	"86.110.117.11" : {
		"totalUploadBytes" : 6977876,
		"totalDownloadBytes" : 529819445
	},
	"170.178.165.158" : {
		"totalUploadBytes" : 11510474,
		"totalDownloadBytes" : 718969302
	},
	"67.21.94.247" : {
		"totalUploadBytes" : 10673304,
		"totalDownloadBytes" : 678414220
	},
	"178.128.0.99" : {
		"totalUploadBytes" : 3328997,
		"totalDownloadBytes" : 18350778
	},
	"178.128.180.17" : {
		"totalUploadBytes" : 3258935,
		"totalDownloadBytes" : 26986632
	},
	"155.94.190.240" : {
		"totalUploadBytes" : 2188505,
		"totalDownloadBytes" : 19910161
	},
	"5.188.42.23" : {
		"totalUploadBytes" : 3395377,
		"totalDownloadBytes" : 20731743
	},
	"178.128.190.190" : {
		"totalUploadBytes" : 3762789,
		"totalDownloadBytes" : 20571704
	},
	"107.181.152.27" : {
		"totalUploadBytes" : 1616385,
		"totalDownloadBytes" : 12107903
	},
	"ssh.liangchenyun.xyz" : {
		"totalUploadBytes" : 658598242,
		"totalDownloadBytes" : 74845590
	},
	"cloudc2.liangchenyun.xyz" : {
		"totalUploadBytes" : 2182505,
		"totalDownloadBytes" : 22798717
	},
	"89.31.126.109" : {
		"totalUploadBytes" : 199273642,
		"totalDownloadBytes" : 1828051498
	},
	"119.28.157.225" : {
		"totalUploadBytes" : 4386401,
		"totalDownloadBytes" : 29631410
	},
	"lbnhn2.liangchenyun.xyz" : {
		"totalUploadBytes" : 15749137,
		"totalDownloadBytes" : 329305385
	},
	"192.158.227.187" : {
		"totalUploadBytes" : 2570208,
		"totalDownloadBytes" : 33529431
	},
	"yingguo.liangchenyun.xyz" : {
		"totalUploadBytes" : 1702406,
		"totalDownloadBytes" : 114540610
	},
	"116.93.119.107" : {
		"totalUploadBytes" : 21660251,
		"totalDownloadBytes" : 294787349
	},
	"hkt.liangchenyun.xyz" : {
		"totalUploadBytes" : 12200735,
		"totalDownloadBytes" : 146135979
	},
	"47.91.47.39" : {
		"totalUploadBytes" : 2315095,
		"totalDownloadBytes" : 25856868
	},
	"lb_ru.liangchenyun.xyz" : {
		"totalUploadBytes" : 482583460,
		"totalDownloadBytes" : 82995555
	},
	"ijj1.liangchenyun.xyz" : {
		"totalUploadBytes" : 148855023,
		"totalDownloadBytes" : 49125900
	},
	"185.199.225.93" : {
		"totalUploadBytes" : 142359307,
		"totalDownloadBytes" : 1271898466
	},
	"103.9.78.90" : {
		"totalUploadBytes" : 356970559,
		"totalDownloadBytes" : 394049441
	},
	"xjp.liangchenyun.xyz" : {
		"totalUploadBytes" : 2102355,
		"totalDownloadBytes" : 20324884
	},
	"ddns_flb.liangchenyun.xyz" : {
		"totalUploadBytes" : 9708491,
		"totalDownloadBytes" : 288934130
	},
	"paris.liangchenyun.xyz" : {
		"totalUploadBytes" : 5200211490,
		"totalDownloadBytes" : 41671056
	},
	"cn.liangchenyun.xyz" : {
		"totalUploadBytes" : 982344,
		"totalDownloadBytes" : 21865046
	},
	"hulu.liangchenyun.xyz" : {
		"totalUploadBytes" : 7353157,
		"totalDownloadBytes" : 65249646
	},
	"109.248.250.37" : {
		"totalUploadBytes" : 90684217,
		"totalDownloadBytes" : 434036629
	},
	"138.68.13.248" : {
		"totalUploadBytes" : 2947,
		"totalDownloadBytes" : 753
	},
	"142.93.24.70" : {
		"totalUploadBytes" : 26230184,
		"totalDownloadBytes" : 160640697
	},
	"182.161.33.121" : {
		"totalUploadBytes" : 2780295,
		"totalDownloadBytes" : 89676014
	},
	"178.128.179.243" : {
		"totalUploadBytes" : 745759,
		"totalDownloadBytes" : 2692727
	},
	"142.93.88.111" : {
		"totalUploadBytes" : 26829456,
		"totalDownloadBytes" : 189430262
	},
	"138.68.50.168" : {
		"totalUploadBytes" : 1891894,
		"totalDownloadBytes" : 10954832
	},
	"46.17.41.227" : {
		"totalUploadBytes" : 53460237,
		"totalDownloadBytes" : 431853739
	},
	"159.89.159.98" : {
		"totalUploadBytes" : 12581364,
		"totalDownloadBytes" : 109772124
	},
	"142.93.87.79" : {
		"totalUploadBytes" : 15302103,
		"totalDownloadBytes" : 98431570
	},
	"167.99.163.197" : {
		"totalUploadBytes" : 3051819,
		"totalDownloadBytes" : 7566232
	},
	"138.68.41.9" : {
		"totalUploadBytes" : 1354541,
		"totalDownloadBytes" : 6525561
	},
	"178.128.131.0" : {
		"totalUploadBytes" : 4960790,
		"totalDownloadBytes" : 72986103
	},
	"178.128.131.243" : {
		"totalUploadBytes" : 3889684,
		"totalDownloadBytes" : 13962367
	},
	"104.248.181.193" : {
		"totalUploadBytes" : 13207429,
		"totalDownloadBytes" : 77095969
	},
	"104.248.184.250" : {
		"totalUploadBytes" : 10552628,
		"totalDownloadBytes" : 92293754
	},
	"54.169.250.127" : {
		"totalUploadBytes" : 16133405,
		"totalDownloadBytes" : 74994680
	},
	"68.183.20.220" : {
		"totalUploadBytes" : 10405490,
		"totalDownloadBytes" : 62082698
	},
	"142.93.90.197" : {
		"totalUploadBytes" : 5067253,
		"totalDownloadBytes" : 33848797
	},
	"ddns_flb.xn--9kq677j3ki.app" : {
		"totalUploadBytes" : 18068420,
		"totalDownloadBytes" : 123847195
	},
	"bla.xn--fizz-p29fz65unxan79g.ga" : {
		"totalUploadBytes" : 11841,
		"totalDownloadBytes" : 127776
	},
	"137.175.62.130" : {
		"totalUploadBytes" : 10983811,
		"totalDownloadBytes" : 142242174
	},
	"59.125.61.180" : {
		"totalUploadBytes" : 45408,
		"totalDownloadBytes" : 1145534
	},
	"185.117.119.69" : {
		"totalUploadBytes" : 332597,
		"totalDownloadBytes" : 543687
	},
	"119.82.26.207" : {
		"totalUploadBytes" : 1348955,
		"totalDownloadBytes" : 4021875
	},
	"185.204.2.247" : {
		"totalUploadBytes" : 1300509,
		"totalDownloadBytes" : 8284770
	},
	"147.78.64.60" : {
		"totalUploadBytes" : 922433,
		"totalDownloadBytes" : 22915194
	},
	"ushln6.zhs.one" : {
		"totalUploadBytes" : 714194,
		"totalDownloadBytes" : 7095445
	},
	"hk-f52g.eimii.xyz" : {
		"totalUploadBytes" : 846733,
		"totalDownloadBytes" : 1818288
	},
	"hk-vg3b.eimii.xyz" : {
		"totalUploadBytes" : 252595,
		"totalDownloadBytes" : 1807570
	},
	"us-ce2h.eimii.xyz" : {
		"totalUploadBytes" : 379955,
		"totalDownloadBytes" : 613877
	},
	"tw-4t3g.eimii.xyz" : {
		"totalUploadBytes" : 203275,
		"totalDownloadBytes" : 1986059
	},
	"us-h4gp.eimii.xyz" : {
		"totalUploadBytes" : 260092,
		"totalDownloadBytes" : 706171
	},
	"us-7c2t.eimii.xyz" : {
		"totalUploadBytes" : 445369,
		"totalDownloadBytes" : 5360812
	},
	"us-24ge.eimii.xyz" : {
		"totalUploadBytes" : 166277,
		"totalDownloadBytes" : 209043
	},
	"ru-23g6.eimii.xyz" : {
		"totalUploadBytes" : 146340,
		"totalDownloadBytes" : 368755
	},
	"jp-c25p.eimii.xyz" : {
		"totalUploadBytes" : 283202,
		"totalDownloadBytes" : 3953933
	},
	"us-ve43.eimii.xyz" : {
		"totalUploadBytes" : 240101,
		"totalDownloadBytes" : 447000
	},
	"jp-46n5.eimii.xyz" : {
		"totalUploadBytes" : 268740,
		"totalDownloadBytes" : 379059
	},
	"en-3hd5.eimii.xyz" : {
		"totalUploadBytes" : 500300,
		"totalDownloadBytes" : 10111366
	},
	"hk-v2gd.eimii.xyz" : {
		"totalUploadBytes" : 464000,
		"totalDownloadBytes" : 622633
	},
	"hk-beth.eimii.xyz" : {
		"totalUploadBytes" : 225482,
		"totalDownloadBytes" : 1538405
	},
	"hk-6c3z.eimii.xyz" : {
		"totalUploadBytes" : 356293,
		"totalDownloadBytes" : 1251470
	},
	"us-v9cc.eimii.xyz" : {
		"totalUploadBytes" : 155888,
		"totalDownloadBytes" : 886607
	},
	"us-vd37.eimii.xyz" : {
		"totalUploadBytes" : 798433,
		"totalDownloadBytes" : 1743142
	},
	"jp-v8we.eimii.xyz" : {
		"totalUploadBytes" : 465033,
		"totalDownloadBytes" : 9966755
	},
	"us-c3tp.eimii.xyz" : {
		"totalUploadBytes" : 252291,
		"totalDownloadBytes" : 1479837
	},
	"sg-c3hp.eimii.xyz" : {
		"totalUploadBytes" : 249322,
		"totalDownloadBytes" : 1490212
	}
}